airport_id,airport_code,city_name,state_name,country
ce732b8f-ce52-46a5-a245-0a1464ab6cf8,CAK,"Akron, OH",Ohio,USA
3db9439f-e798-4e54-b86d-222e906fe11a,STX,"Christiansted, VI",U.S. Virgin Islands,USA
7af572a7-6cde-454f-ae0a-1c326634e0de,BHM,"Birmingham, AL",Alabama,USA
88989661-b69e-44c4-b718-41ff4af872fd,COD,"Cody, WY",Wyoming,USA
e32c3682-7580-489c-9cde-852e3c9bafa3,MKG,"Muskegon, MI",Michigan,USA
53ff20ec-a2b2-4636-9f27-6b89ef53f091,FCA,"Kalispell, MT",Montana,USA
fb0b920d-1cc0-4814-b2af-f4db1db52891,DLH,"Duluth, MN",Minnesota,USA
a29a1a6b-64ff-4ac8-9a06-a2749df6efc8,KTN,"Ketchikan, AK",Alaska,USA
35cf679d-f383-43b2-b36a-40bd0d467649,HVN,"New Haven, CT",Connecticut,USA
280793b8-0ae3-4f6b-84aa-2f58382f2bb6,CAE,"Columbia, SC",South Carolina,USA
97da8975-83e8-400a-b993-f8de326ff48a,CKB,"Clarksburg/Fairmont, WV",West Virginia,USA
8aced656-01c7-41a1-9731-0e020919b0a5,CDC,"Cedar City, UT",Utah,USA
59c866bb-12b2-462c-b701-b37a7c64c35d,PUB,"Pueblo, CO",Colorado,USA
415539d1-a7e4-41ac-9e2a-fc0222417537,GGG,"Longview, TX",Texas,USA
f4041ba8-0eb8-474b-8f49-074bf91e883a,MSP,"Minneapolis, MN",Minnesota,USA
513d5470-cf4c-4b4c-a75f-b80c36c2594c,JFK,"New York, NY",New York,USA
4847bcf4-9a38-4531-8e1c-87ffcaa1e70b,SBY,"Salisbury, MD",Maryland,USA
d1a42fd5-fdb0-401a-9405-a9faa8f54aa3,DTW,"Detroit, MI",Michigan,USA
bfd12c65-580c-4a08-9e5b-8dd4f7ed01c2,PWM,"Portland, ME",Maine,USA
6814ea02-534e-4f55-a34f-01ddf64d453f,SJU,"San Juan, PR",Puerto Rico,USA
c1d4832a-217f-4dc9-868e-d626af32f4af,BLV,"Belleville, IL",Illinois,USA
f7b4d32b-6b94-4d9b-bf02-5a423d32ed91,EAU,"Eau Claire, WI",Wisconsin,USA
c476979f-6352-4eda-b1c8-a820d178c860,DAL,"Dallas, TX",Texas,USA
f0379332-42be-4efd-b62c-23ee889e2c72,PDX,"Portland, OR",Oregon,USA
a2593395-e081-4b4e-b432-1df67bbe018f,MFE,"Mission/McAllen/Edinburg, TX",Texas,USA
fea3fd5a-2cac-4421-94e9-e758641931d7,ALB,"Albany, NY",New York,USA
dca8d676-3911-4b86-a8bb-237e6726e06c,BMI,"Bloomington/Normal, IL",Illinois,USA
20d4ddec-6994-4353-af38-9ba8bc87927f,ADQ,"Kodiak, AK",Alaska,USA
ed938fe2-703b-4c89-afa6-0a0c02f943e3,BFM,"Mobile, AL",Alabama,USA
b0749f09-9e27-47dc-883e-5f1ec39625df,MCW,"Mason City, IA",Iowa,USA
a41a1a16-ad03-42d6-8148-c1d32a699515,MOT,"Minot, ND",North Dakota,USA
944e264b-447e-46b4-88fc-feafe843d4e4,SEA,"Seattle, WA",Washington,USA
15b610ee-cdb8-44a2-a371-9e86fdeee563,FLL,"Fort Lauderdale, FL",Florida,USA
09a416fe-1e7e-4dd7-8847-a8f00d861321,PVU,"Provo, UT",Utah,USA
74062aab-8ecb-42e9-9dc8-ea7cacc54b23,IDA,"Idaho Falls, ID",Idaho,USA
8cd673c5-0b6f-4452-b9d4-14e336a5a5c4,MSN,"Madison, WI",Wisconsin,USA
7f6c8ca3-7f22-48dc-bfbb-ac1e646657a3,BFF,"Scottsbluff, NE",Nebraska,USA
25a042ab-2ca2-4e21-94af-5332ad7916e3,GRR,"Grand Rapids, MI",Michigan,USA
8f4d916a-aaa5-4c25-9268-bb35b9834b8a,FSM,"Fort Smith, AR",Arkansas,USA
ac1a68d8-3903-4007-a79d-b3307dedaf7b,JLN,"Joplin, MO",Missouri,USA
e1832c32-4c2f-4d01-82e8-19e30b3e503c,GSP,"Greer, SC",South Carolina,USA
04fe1fda-04a2-4feb-91b0-196183940ef0,TVC,"Traverse City, MI",Michigan,USA
dcaec3a2-20c2-42d0-874f-a1aaf457c517,SPI,"Springfield, IL",Illinois,USA
ee29eb83-6ace-43c8-8f5b-eac9da0b07a9,BRO,"Brownsville, TX",Texas,USA
f47f1eb4-a848-4dcc-9e00-cfbc22fb2b8e,AEX,"Alexandria, LA",Louisiana,USA
58684deb-3328-4b08-87b1-3a9c386bd936,ADK,"Adak Island, AK",Alaska,USA
8e0a2d26-caf1-450f-8b0e-679f6b4b87dd,ABI,"Abilene, TX",Texas,USA
37de1839-b75a-4a79-9f7f-d68d789a245f,HYA,"Hyannis, MA",Massachusetts,USA
9ebd9ece-ce2c-4d0e-92c6-ca10510fdb8d,LGA,"New York, NY",New York,USA
489019aa-b5c7-43b3-af49-01e0bbb06f90,BOS,"Boston, MA",Massachusetts,USA
716553f7-41eb-4585-8e9e-c462150d990e,DAY,"Dayton, OH",Ohio,USA
6d9e87ed-a47b-4a02-b25b-bda95970f482,GPT,"Gulfport/Biloxi, MS",Mississippi,USA
cd2486b7-918a-4a6b-a298-91916489823e,ABY,"Albany, GA",Georgia,USA
c86955ab-233f-45e6-9158-b1fbb167b246,GRB,"Green Bay, WI",Wisconsin,USA
aac49c26-3a3e-4088-9a98-78d1a03dfaf5,HOU,"Houston, TX",Texas,USA
d695ef76-53f5-423c-8d59-8cff88cf70af,SUN,"Sun Valley/Hailey/Ketchum, ID",Idaho,USA
19477498-ff7e-4f5e-81f3-b02230915324,STC,"St. Cloud, MN",Minnesota,USA
fed95a63-4c68-4864-8fcb-241c60454217,TTN,"Trenton, NJ",New Jersey,USA
ec068049-59fd-4061-991d-ad4b3b5fe2ad,BDL,"Hartford, CT",Connecticut,USA
e452a47c-3ab5-49c4-8f1f-4d506b5e646f,SMX,"Santa Maria, CA",California,USA
ba58d2b6-48cb-4812-815b-b6fff4f76f07,LWS,"Lewiston, ID",Idaho,USA
15ca52eb-3975-483a-989e-27ce48c73820,GUC,"Gunnison, CO",Colorado,USA
74b91533-ab1d-4c53-b504-f877e6902c34,PGV,"Greenville, NC",North Carolina,USA
8b2cb206-115f-4dfb-b7ac-fe637c84bba0,DFW,"Dallas/Fort Worth, TX",Texas,USA
7f8bc8dd-2702-4988-9266-fcf69833da7f,SYR,"Syracuse, NY",New York,USA
15b96b87-72c1-436c-bf0f-b4e1cdf3d47d,ECP,"Panama City, FL",Florida,USA
cc9ddbde-fe8f-4dfc-851f-b413ec110ad7,ALO,"Waterloo, IA",Iowa,USA
fe30d390-9736-4d94-b21d-cdc57a4edcb6,SHV,"Shreveport, LA",Louisiana,USA
110ebeaa-5ce5-4d6e-9262-6e2b9c9dbd81,HIB,"Hibbing, MN",Minnesota,USA
651b1c74-a20e-44c3-817a-5eaf62e586e3,LCH,"Lake Charles, LA",Louisiana,USA
945c0020-45e6-4179-a370-12bbea8dcbbc,JST,"Johnstown, PA",Pennsylvania,USA
d128b5d3-0005-48e2-b6f3-a522bd1747e8,LSE,"La Crosse, WI",Wisconsin,USA
f8b2350b-66ad-4a47-a4c7-23ee1cb2f70d,CWA,"Mosinee, WI",Wisconsin,USA
4d9b607d-17c2-4e06-a2f5-75239655ae9c,OME,"Nome, AK",Alaska,USA
7e411ab3-44cd-424c-908c-17211d34ab4f,SFO,"San Francisco, CA",California,USA
6cc70068-cb96-4fc5-89a8-bf3c4afb27b7,AGS,"Augusta, GA",Georgia,USA
3399e17b-49f7-4adf-9eab-f5477b6a1278,STS,"Santa Rosa, CA",California,USA
1cb74b58-34ec-415f-84f9-d59d39d491f6,CID,"Cedar Rapids/Iowa City, IA",Iowa,USA
a6d1f825-b8ee-4221-b652-cae4ba9e17f8,OKC,"Oklahoma City, OK",Oklahoma,USA
bb5c9f82-1c5e-45ae-8080-d6e3905910e3,PSM,"Portsmouth, NH",New Hampshire,USA
6433e512-1b45-49e2-b61c-9e29f4a4c92a,ROP,"Rota, TT",U.S. Pacific Trust Territories and Possessions,USA
000ea243-f957-4c6b-93bb-f62f5b8c1757,AVL,"Asheville, NC",North Carolina,USA
7a5505fc-961b-4d21-acc6-bde89ae1177a,MSY,"New Orleans, LA",Louisiana,USA
498468a9-d0ef-44b8-b3f6-99a1a12c35e5,SWF,"Newburgh/Poughkeepsie, NY",New York,USA
6c43db3c-384f-4d5a-8223-ef72085e992e,DLG,"Dillingham, AK",Alaska,USA
f88d3236-16c8-4238-bb68-0b2b355fe32a,CVG,"Cincinnati, OH",Kentucky,USA
e5a2ac88-85e8-44d5-ae06-1c02e85560e4,PBG,"Plattsburgh, NY",New York,USA
5b9bbade-0b73-4135-96ea-0e1bb52febb4,ANC,"Anchorage, AK",Alaska,USA
cf66e0d7-f4b9-4d36-a36a-a34ea6bc4427,LGB,"Long Beach, CA",California,USA
a20e7b90-99cb-4178-b43e-4364f0ad775b,PHX,"Phoenix, AZ",Arizona,USA
30b38a0c-6f9f-46bc-80d7-d12c9d9c92cb,TUS,"Tucson, AZ",Arizona,USA
b87ceb14-8fcb-4d23-b83a-75ec1ba7c058,ONT,"Ontario, CA",California,USA
f6f2dae1-faf5-411a-9ed0-11e82c27b15e,HRL,"Harlingen/San Benito, TX",Texas,USA
7bdabb93-c818-43d8-a893-c317185b2518,OAK,"Oakland, CA",California,USA
8f53bfc2-dbc3-4250-ba8d-efbeb1bd7844,VPS,"Valparaiso, FL",Florida,USA
19454e84-eb3b-4b0e-9490-243e48c9731d,MFR,"Medford, OR",Oregon,USA
92547dc2-fb70-495d-a1cc-801010db9c4c,GCK,"Garden City, KS",Kansas,USA
c828a545-b00b-4abd-8457-48f663f19ebc,ORD,"Chicago, IL",Illinois,USA
968fccbb-03c5-4ca7-baf5-169e10fcb6e2,CLL,"College Station/Bryan, TX",Texas,USA
405a0cb0-9220-4876-99eb-8437a903241f,WRG,"Wrangell, AK",Alaska,USA
e7dcb1f2-a1d8-4205-8ec3-5f75745f7783,TXK,"Texarkana, AR",Arkansas,USA
3375bdbf-d0f8-4f00-a242-bb7666084db2,BQK,"Brunswick, GA",Georgia,USA
a62d378d-9e19-43ec-adb8-44bc3321c71d,SCK,"Stockton, CA",California,USA
33b82576-e3af-458d-b045-1ad5e1185618,MKK,"Hoolehua, HI",Hawaii,USA
b3deef8a-a538-4a27-952e-3480deb66139,BPT,"Beaumont/Port Arthur, TX",Texas,USA
8e2d19dc-ed1d-4797-b9ac-616e942dbac7,ROW,"Roswell, NM",New Mexico,USA
65e5a8f0-129c-4880-9370-7370fb35f485,BTV,"Burlington, VT",Vermont,USA
07d40d54-cd5a-4b68-9cde-9956fe8c8b63,EYW,"Key West, FL",Florida,USA
ff69fb06-0034-44ee-8b13-60571321a357,ISN,"Williston, ND",North Dakota,USA
c8d40bd8-4e8d-4ea4-8246-37dc0c00e5f0,ROC,"Rochester, NY",New York,USA
2e72079f-46b6-4414-8c8f-e90f226edae6,ISP,"Islip, NY",New York,USA
fd9b2755-b133-4dc4-aaec-602ad0814cfa,IAD,"Washington, DC",Virginia,USA
633b3c48-55a7-4b16-82f0-ddb6875f9425,CPR,"Casper, WY",Wyoming,USA
ffead702-fa15-4870-aff9-fbbe25adcf41,JHM,"Kapalua, HI",Hawaii,USA
27656c42-2c60-4c48-a350-759ae153fa8b,BNA,"Nashville, TN",Tennessee,USA
d42c6ba8-57b2-4264-98cb-5593cc091eb0,SMF,"Sacramento, CA",California,USA
79ea5975-b0dd-45b3-bba5-a5bdcf997b1d,TWF,"Twin Falls, ID",Idaho,USA
e811267b-a6a7-45e2-823f-edca96177216,CMX,"Hancock/Houghton, MI",Michigan,USA
cc2015aa-84c2-4ea0-86fc-b9a46ad21213,LAX,"Los Angeles, CA",California,USA
c064b98e-8757-483d-aa02-3a3a0e2f2c0a,PNS,"Pensacola, FL",Florida,USA
71736ae3-3580-4f1c-b136-f5f9a8b0941b,MDW,"Chicago, IL",Illinois,USA
5e7eab84-26eb-4a38-8b4b-6bc49ed1ba0d,TPA,"Tampa, FL",Florida,USA
d083034c-c92a-4d0b-812d-76be8c5b1f75,SBN,"South Bend, IN",Indiana,USA
7bc3b704-4ccd-4edb-8178-7df02e73058d,IAG,"Niagara Falls, NY",New York,USA
3fc7e121-da09-49d6-99ca-738a297ecbeb,LIT,"Little Rock, AR",Arkansas,USA
c6e42fa7-9f52-4315-87fb-545b690c013e,RDM,"Bend/Redmond, OR",Oregon,USA
a3b12773-42e4-4028-93fd-daadc59832a1,UIN,"Quincy, IL",Illinois,USA
79961f33-4f04-49bc-beef-0ca491a73569,SAF,"Santa Fe, NM",New Mexico,USA
b4b21304-bee0-42cd-9a7f-e7b6ef0dbd92,PIR,"Pierre, SD",South Dakota,USA
3789d393-c377-4686-bf1f-75e24a3f314d,MLB,"Melbourne, FL",Florida,USA
3dbb7b84-060e-436a-990d-807a78cae057,SUX,"Sioux City, IA",Iowa,USA
d2e6098f-7e27-47e4-8b53-a11bb8f59643,DRO,"Durango, CO",Colorado,USA
c96e9900-56a8-4da9-8828-bcea00336be3,VCT,"Victoria, TX",Texas,USA
19badf7e-0088-4569-9ea1-630d305afacb,VEL,"Vernal, UT",Utah,USA
8440cf73-8984-4a66-aaf6-66d12e6b05fd,BET,"Bethel, AK",Alaska,USA
725bb51a-6291-4373-89aa-a8509695ac4c,SGF,"Springfield, MO",Missouri,USA
3e4a864c-a9fb-4a3d-9d6a-1e875db21c8b,USA,"Concord, NC",North Carolina,USA
7f5f3674-5732-4bde-a16f-74516dd03100,MQT,"Marquette, MI",Michigan,USA
c3900184-6469-408b-a1e9-26a5f8a9719c,PSG,"Petersburg, AK",Alaska,USA
5fd8e6d0-251c-4dd6-8f62-afee254e21f4,SFB,"Sanford, FL",Florida,USA
49c82d77-3e3a-4811-8692-04f950eee613,TRI,"Bristol/Johnson City/Kingsport, TN",Tennessee,USA
6c763a40-2ceb-4a87-9c4a-4e244b4367bc,AVP,"Scranton/Wilkes-Barre, PA",Pennsylvania,USA
ceb2eb09-9ae5-4eb5-a33f-742cf785d845,LNY,"Lanai, HI",Hawaii,USA
a3c9363e-3acb-4b1f-8d42-eb6ead310d3b,ROA,"Roanoke, VA",Virginia,USA
2093c9f3-a351-471e-af39-c3bce588f750,RFD,"Rockford, IL",Illinois,USA
def739fc-4585-433d-b24c-c3febd92cdd9,SAN,"San Diego, CA",California,USA
68cc1ff0-ffe3-4caa-947e-b08e4c3fb364,ICT,"Wichita, KS",Kansas,USA
7b9ad96d-d341-4767-9323-42fce8970236,MAF,"Midland/Odessa, TX",Texas,USA
bdc211d3-3253-459b-af45-754e9e44b01e,SWO,"Stillwater, OK",Oklahoma,USA
14e66eaa-05c8-4210-bc2f-7f9a8246e621,CSG,"Columbus, GA",Georgia,USA
503a43fd-41e4-4c26-8f74-84e52bf8ab30,RNO,"Reno, NV",Nevada,USA
f74fd424-4aa7-4880-8f80-24399c46d597,BIL,"Billings, MT",Montana,USA
c0f229af-8e48-470f-8505-b8399540b0be,GTF,"Great Falls, MT",Montana,USA
16559568-a161-4802-b453-f1ab68596c57,ASE,"Aspen, CO",Colorado,USA
0572fa18-4ddc-4888-9f3f-3d38b550b239,AKN,"King Salmon, AK",Alaska,USA
3b2cddf2-a351-4c22-a4e5-04d0cd1386bd,MCI,"Kansas City, MO",Missouri,USA
225ec514-db98-480e-955f-b802714f825d,ILM,"Wilmington, NC",North Carolina,USA
b5ccc596-34ed-49fd-83ab-841437d45c57,DCA,"Washington, DC",Virginia,USA
582ec2db-11ce-4102-8a2e-9121f5afb71f,STL,"St. Louis, MO",Missouri,USA
125b2e15-9c3b-4489-8233-e769ea6b2424,ITH,"Ithaca/Cortland, NY",New York,USA
292cb2b3-2331-4246-be21-46c7a07edfb4,SGU,"St. George, UT",Utah,USA
b32d568d-a0a6-426b-8f0e-eef800d60ed6,BRW,"Barrow, AK",Alaska,USA
7629d8c5-8643-47dc-8de5-6c56226cb2a6,HHH,"Hilton Head, SC",South Carolina,USA
c558881e-bac3-4479-b5f5-f38658e57bbd,OGS,"Ogdensburg, NY",New York,USA
fd70545b-d846-4c5a-b13d-b75552b06353,MMH,"Mammoth Lakes, CA",California,USA
04336af2-5d77-4a71-a2d8-d419efaf1081,HLN,"Helena, MT",Montana,USA
f18ef4c5-7308-4e50-931b-02192f9b51c9,PBI,"West Palm Beach/Palm Beach, FL",Florida,USA
6d9589f6-8707-4154-9594-d73b3845ec2a,SLC,"Salt Lake City, UT",Utah,USA
431ba1db-7a7c-4c91-acb8-da30966f2d43,PQI,"Presque Isle/Houlton, ME",Maine,USA
6aeaeac2-147c-4f42-88f9-74f84157ef48,GNV,"Gainesville, FL",Florida,USA
2df6b8de-b0c7-46d7-b928-6716500c6e22,SIT,"Sitka, AK",Alaska,USA
3d3b6e49-0bb7-4800-aa6c-075289067fcf,OGD,"Ogden, UT",Utah,USA
e5ac29d6-6c15-411d-8290-8de5ed924126,ACV,"Arcata/Eureka, CA",California,USA
88396b64-d607-489f-85e6-fcc00f8bb8bb,GJT,"Grand Junction, CO",Colorado,USA
5fbe46e9-cba0-4fc8-9c04-0a85eb4dd9e3,FLG,"Flagstaff, AZ",Arizona,USA
5f492e94-ab41-4e05-bbf4-2f197549605d,PLN,"Pellston, MI",Michigan,USA
1e154a43-2078-4db5-ad37-bade8512d486,BGM,"Binghamton, NY",New York,USA
c2daa5ea-98f2-4861-bec5-780636f6c88a,LFT,"Lafayette, LA",Louisiana,USA
d403c36f-89e8-4210-ac7f-496e3b99c264,PRC,"Prescott, AZ",Arizona,USA
2e7d43ef-8f28-4319-95ba-7e07ebd96723,MSO,"Missoula, MT",Montana,USA
5b741f1a-e3c4-477c-b51f-ca579f5f79e7,ABE,"Allentown/Bethlehem/Easton, PA",Pennsylvania,USA
35bcdf5b-6585-4c46-8b28-4511ecfe0374,HGR,"Hagerstown, MD",Maryland,USA
46006ac9-7246-4a10-ad2b-248fd02bb005,ILG,"Wilmington, DE",Delaware,USA
e720de72-0423-4f14-8760-c5e5d43d4e13,AMA,"Amarillo, TX",Texas,USA
34e85411-a5e0-4e9d-bdf9-2357b163a5a1,ACT,"Waco, TX",Texas,USA
53216365-c56d-4a05-a722-02be35b9bca0,SRQ,"Sarasota/Bradenton, FL",Florida,USA
e28c70a1-f12e-4074-8b3a-a254dd38b835,ATW,"Appleton, WI",Wisconsin,USA
acad9ea3-bbc0-4e02-953a-1e5bacc059bf,OGG,"Kahului, HI",Hawaii,USA
0f157c40-be79-43ea-b8fd-7b712766044f,LAW,"Lawton/Fort Sill, OK",Oklahoma,USA
c73b545c-a802-4592-b03b-11c3432b43cc,BIH,"Bishop, CA",California,USA
14d48865-7bee-41ae-b7ca-8d7791e3978b,MEM,"Memphis, TN",Tennessee,USA
3d847028-0eec-4ffc-bd90-4550016b65f8,SHD,"Staunton, VA",Virginia,USA
2cb6a34e-3f9e-4de1-a18d-830851d18067,SPN,"Saipan, TT",U.S. Pacific Trust Territories and Possessions,USA
1af5cb77-8c03-418e-82b7-d0276ae8f5ac,HSV,"Huntsville, AL",Alabama,USA
ce6713af-f3c3-48a4-b1c4-3c9abf6d0e08,BZN,"Bozeman, MT",Montana,USA
679f888e-2a46-4607-b0f9-d1604a6b16b5,ERI,"Erie, PA",Pennsylvania,USA
cbba0db2-22c8-4685-8f14-77aca8096c07,YNG,"Youngstown/Warren, OH",Ohio,USA
89c3e2f4-5e5e-4d35-abab-2da0da05814e,DUT,"Unalaska, AK",Alaska,USA
9e0c80e0-222b-4281-bf82-230692f56573,GST,"Gustavus, AK",Alaska,USA
48c482dc-e655-4c47-b03d-9b9b9d446a33,DDC,"Dodge City, KS",Kansas,USA
16f2c442-0de7-4d56-abe6-1ff8e1ed9662,PIA,"Peoria, IL",Illinois,USA
3bd10b60-e160-4650-bf59-a53cc53fc8d3,HNL,"Honolulu, HI",Hawaii,USA
143b001a-5d5e-4101-a3bb-55dcaec2e247,DHN,"Dothan, AL",Alabama,USA
b454b17f-35f7-41fc-9284-e6a23e03c25c,EWR,"Newark, NJ",New Jersey,USA
784cb39b-225a-4c99-b4f8-3c543bcaa693,FAT,"Fresno, CA",California,USA
c12e6e50-e205-46a4-af0c-04ee04d2ec84,SBA,"Santa Barbara, CA",California,USA
921bdd24-977e-4110-a2b4-088d62456ac6,PAH,"Paducah, KY",Kentucky,USA
d0da5109-af57-4229-be4b-7a37b4e246de,FAR,"Fargo, ND",North Dakota,USA
e989087c-9b86-4245-84d2-6f3621053132,ALS,"Alamosa, CO",Colorado,USA
193e388b-35f4-4259-80dd-16a87827d06a,LIH,"Lihue, HI",Hawaii,USA
8c1fa00f-3afd-4be1-9f74-090615ed549d,USA,"CONCORD, NC",North Carolina,USA
b31f96ed-243f-4258-9f75-2d481664bedf,ELP,"El Paso, TX",Texas,USA
66597ea3-8801-4d0d-84ab-1a9f22ec845f,SJT,"San Angelo, TX",Texas,USA
891c4db1-ca97-4b0e-a511-afff5d2e73b7,IMT,"Iron Mountain/Kingsfd, MI",Michigan,USA
3f796d5f-20f4-4eb7-ad91-2e0d8b187103,GSO,"Greensboro/High Point, NC",North Carolina,USA
24434c1c-0501-4fc8-8977-f2ad0d4f793f,EAR,"Kearney, NE",Nebraska,USA
14fdeb26-5731-4f31-b262-f83448dda02b,HOB,"Hobbs, NM",New Mexico,USA
77570b61-5db8-4250-928e-2538d8f77270,ITO,"Hilo, HI",Hawaii,USA
b2466009-e2e1-4e7e-9910-42a3d589eb5e,ALW,"Walla Walla, WA",Washington,USA
926dd741-578b-495a-b3c1-bd01f6a4b421,RDU,"Raleigh/Durham, NC",North Carolina,USA
acb39e9b-b842-43bf-b35d-53806e4c58c5,JAN,"Jackson/Vicksburg, MS",Mississippi,USA
f527513e-244a-41eb-9577-171386f23e67,OTZ,"Kotzebue, AK",Alaska,USA
21f822ef-694e-48c0-8d42-33b6fd391b77,TLH,"Tallahassee, FL",Florida,USA
f20c1187-5339-4de3-bfa8-1477541cb17f,GRK,"Killeen, TX",Texas,USA
8ae91c2f-5ed7-406d-9529-033d35e8bdb7,DBQ,"Dubuque, IA",Iowa,USA
e37f48a6-8e17-4bfc-a09c-ce1f7cf4bb4b,HTS,"Ashland, WV",West Virginia,USA
364f1f22-162d-4733-b2df-b27ac7607dd6,PAE,"Everett, WA",Washington,USA
ae9f6301-b4c9-41b8-ad4f-6e97a53f2720,IAH,"Houston, TX",Texas,USA
3acb5e38-03d3-4b11-b8ba-2c708dc99dac,SCC,"Deadhorse, AK",Alaska,USA
eba4f347-e55d-4443-8e2c-43b0837f1a67,MTJ,"Montrose/Delta, CO",Colorado,USA
7ef7897d-880f-43d1-8b26-e38db64e024c,LBL,"Liberal, KS",Kansas,USA
4a371d81-f413-4ce6-bda2-ac00956eddc0,CRW,"Charleston/Dunbar, WV",West Virginia,USA
9dfd4835-0c2f-48d3-ab48-842c04bc9966,FNT,"Flint, MI",Michigan,USA
e1c00141-4c40-4ce8-b7b4-f8834f599a1c,YKM,"Yakima, WA",Washington,USA
ade314d5-7258-4eb0-8251-b8f847741b8d,SPS,"Wichita Falls, TX",Texas,USA
f6bb1638-9b02-480d-ada2-69c1f9dd4eeb,SJC,"San Jose, CA",California,USA
52141a2e-a2b2-4319-aea7-e592c6977b10,PSP,"Palm Springs, CA",California,USA
ea43760d-8add-463f-b8fb-2810e7c82c30,LRD,"Laredo, TX",Texas,USA
9d26685d-ba4f-4a0a-bb75-81e50b8071ab,MEI,"Meridian, MS",Mississippi,USA
403e99c4-0c29-484f-9596-038013bcf932,BRD,"Brainerd, MN",Minnesota,USA
ee2b56e7-dd0a-4aa9-86c5-5b71aa956118,CHA,"Chattanooga, TN",Tennessee,USA
a507f7fa-c497-4979-8153-f41f1fe7ec1c,APN,"Alpena, MI",Michigan,USA
cc2e0e89-473f-46f7-a43d-3b93f03aad56,YAK,"Yakutat, AK",Alaska,USA
22591f98-7604-4307-a4fb-df91a200357a,BKG,"Branson, MO",Missouri,USA
90b8bab1-5e21-4c3e-9d25-2c55182f7ef8,MKE,"Milwaukee, WI",Wisconsin,USA
71ef20a9-8f93-4386-aabb-4496a96dffbf,CMH,"Columbus, OH",Ohio,USA
695bb84f-9c27-4003-bf1e-9ea026ddf9a8,BWI,"Baltimore, MD",Maryland,USA
c8499052-d485-4baa-b83b-afd9cf3c0845,MIA,"Miami, FL",Florida,USA
9be23cc2-f494-4961-bd1f-3e8f62cab1b1,FWA,"Fort Wayne, IN",Indiana,USA
d23d45e0-842b-44b8-8791-e2e00fbe9f54,HDN,"Hayden, CO",Colorado,USA
416baeaa-778e-46e9-a9d7-b0f7a49986cd,DIK,"Dickinson, ND",North Dakota,USA
42d03d3d-9bca-4598-afb5-e4d36a3e2030,KOA,"Kona, HI",Hawaii,USA
7127db00-8988-4e79-8ae1-edb8a7426e37,CGI,"Cape Girardeau, MO",Missouri,USA
c2e4657c-b142-451a-b0e6-1ed18953d65e,CRP,"Corpus Christi, TX",Texas,USA
51348ef7-b794-4d1d-a9dc-bff7366067c0,OTH,"North Bend/Coos Bay, OR",Oregon,USA
13b64a77-cd56-4e4e-a933-4a7a398285d7,DRT,"Del Rio, TX",Texas,USA
b7e0d682-f589-43dc-8e63-7bb000ca4b0d,PSC,"Pasco/Kennewick/Richland, WA",Washington,USA
c01d509f-8a10-4948-9671-9364dcf00f21,DAB,"Daytona Beach, FL",Florida,USA
49d2c439-e80d-4399-84d0-cae034056167,CHO,"Charlottesville, VA",Virginia,USA
7ef915ad-c2ab-4015-a9c9-eb0fcb56b807,CLT,"Charlotte, NC",North Carolina,USA
a6ba7dff-ffb4-4b6f-b001-697014f07a42,AZO,"Kalamazoo, MI",Michigan,USA
96ef75b0-b20c-4779-a5bc-b36d20c84d19,BUR,"Burbank, CA",California,USA
a2479f1c-553c-4495-9162-66655d8155c2,LCK,"Columbus, OH",Ohio,USA
7ba42796-5f09-4831-b5e3-230d8b21b31d,GUM,"Guam, TT",U.S. Pacific Trust Territories and Possessions,USA
ce68ef5f-61ef-4c1f-8ddc-263424425048,TUL,"Tulsa, OK",Oklahoma,USA
fd560e64-6f44-47e7-a88e-fc702eaca2f7,PHF,"Newport News/Williamsburg, VA",Virginia,USA
9c47aee3-6b6f-45f7-a5bc-e3d5051de9e7,OWB,"Owensboro, KY",Kentucky,USA
9cde2eab-1970-487b-bae5-b1973bae29d1,BTM,"Butte, MT",Montana,USA
3040588e-11d4-4e47-96fb-6d4a12a00bc2,PIT,"Pittsburgh, PA",Pennsylvania,USA
52027d50-147f-41fc-b083-c3f108e802ae,GCC,"Gillette, WY",Wyoming,USA
45c6bfa9-5d8c-4806-9c63-1eda2d7412a6,JMS,"Jamestown, ND",North Dakota,USA
198e898a-fa14-406c-92e4-ca650487219a,ORF,"Norfolk, VA",Virginia,USA
53ff2863-03c4-4d28-a7d0-26ab133b47ba,EWN,"New Bern/Morehead/Beaufort, NC",North Carolina,USA
edd5303c-9ad0-459a-81e9-e6ea5c4c17e9,TYS,"Knoxville, TN",Tennessee,USA
f8e98ea1-c784-4601-a392-a4f06403fbf5,LBB,"Lubbock, TX",Texas,USA
782c1ed5-875f-445f-9234-65e042e707ca,OAJ,"Jacksonville/Camp Lejeune, NC",North Carolina,USA
5444f87f-0809-4c01-b390-803c6d0659bb,CNY,"Moab, UT",Utah,USA
8cc06c28-0f78-4a04-a00f-ee5c4887bdea,SCE,"State College, PA",Pennsylvania,USA
acee0772-9511-4375-a460-6e155b9cfb9b,CMI,"Champaign/Urbana, IL",Illinois,USA
4e6b6814-2cd5-4ecf-98f9-9abfbd7c4547,MOB,"Mobile, AL",Alabama,USA
5b2ada94-6272-44d4-bfd9-69fa599080ff,GFK,"Grand Forks, ND",North Dakota,USA
55628f52-d969-46f7-b304-e5fb0f377690,OMA,"Omaha, NE",Nebraska,USA
34b8bb6e-fb1f-4745-ad96-5d4683dc9259,PVD,"Providence, RI",Rhode Island,USA
1bb8b0bf-a666-40c8-8d33-b51e2a9216b3,BLI,"Bellingham, WA",Washington,USA
84880876-9900-481e-bc03-7c62c17bc186,AUS,"Austin, TX",Texas,USA
cfec668d-d682-48b4-86ee-939dc3ee6e07,MLU,"Monroe, LA",Louisiana,USA
78b8199d-905c-4723-9426-ef62076e9c9a,BIS,"Bismarck/Mandan, ND",North Dakota,USA
3458daad-e15e-4f5e-8c66-7b3f08bbd609,GRI,"Grand Island, NE",Nebraska,USA
c83ad4fa-845a-4d5c-80ab-a76bae73a94b,SAV,"Savannah, GA",Georgia,USA
ae7ff7d3-e840-420e-8f22-65970f593fab,DEN,"Denver, CO",Colorado,USA
b4124d2b-2abf-4ea1-9fd8-9f2fd9c13044,IPT,"Williamsport, PA",Pennsylvania,USA
87944a8d-0056-4445-9e4d-d24a0caa370b,BOI,"Boise, ID",Idaho,USA
d3d07b37-08cb-498e-b686-65e5f05f3893,SNA,"Santa Ana, CA",California,USA
17e059e7-cef2-4fee-92dd-1b6c75237bd5,RSW,"Fort Myers, FL",Florida,USA
feba51d8-2e0e-43fd-b5f9-89780c384d1f,FAY,"Fayetteville, NC",North Carolina,USA
824b71f2-2c5c-462f-87ec-14a6d6d49f37,TOL,"Toledo, OH",Ohio,USA
4051b887-1bff-4f7e-97f6-3e3d0effe52a,RAP,"Rapid City, SD",South Dakota,USA
1c392bab-697c-47f1-a4d5-5523027a4c0b,MHK,"Manhattan/Ft. Riley, KS",Kansas,USA
aa21fd9a-97a6-477f-a4b3-193544ea64a8,PPG,"Pago Pago, TT",U.S. Pacific Trust Territories and Possessions,USA
0502830b-bbe0-4ea5-8dcf-42c581fecc0e,SLN,"Salina, KS",Kansas,USA
b65f6197-0602-4a9c-b50e-cf932b2428b9,GEG,"Spokane, WA",Washington,USA
7828a2d6-ad30-4de9-9373-fa7e974bbc2f,HYS,"Hays, KS",Kansas,USA
5e607744-6bd9-404d-bc6d-81d118640644,MGM,"Montgomery, AL",Alabama,USA
be94db94-6ef6-4dcc-aeff-8078b564d208,DSM,"Des Moines, IA",Iowa,USA
be4036cf-757b-4b11-bfb9-6fe6e20f93a7,AZA,"Phoenix, AZ",Arizona,USA
a5e9cf88-951a-4a75-bf93-cbcc772dbd1b,JAX,"Jacksonville, FL",Florida,USA
1ee8b437-8057-4628-8798-b864832daa55,COS,"Colorado Springs, CO",Colorado,USA
fa3e142f-7bfd-4278-aa0a-baeddc9a970c,LNK,"Lincoln, NE",Nebraska,USA
03629194-e1de-4b49-a5b4-7931533fb721,LEX,"Lexington, KY",Kentucky,USA
4efe4381-5404-486b-9679-28659471234c,LAR,"Laramie, WY",Wyoming,USA
6b6e5089-1cb8-4597-b36d-3399c25f4fd7,JNU,"Juneau, AK",Alaska,USA
831d8139-26f9-44da-a705-4ad2b05bdf67,CDB,"Cold Bay, AK",Alaska,USA
9a3e52b0-8042-4fd7-8504-3bd060d10a00,GTR,"Columbus, MS",Mississippi,USA
bb664429-2201-4eaf-90da-8a4ba2d74d27,MVY,"Martha's Vineyard, MA",Massachusetts,USA
2ea43290-05fd-476b-99b6-021be85ec003,EUG,"Eugene, OR",Oregon,USA
c485b0e2-2eb5-4cc8-8457-859064925d67,CYS,"Cheyenne, WY",Wyoming,USA
eb267cc9-f0d0-4fa1-bcd2-9a57e4d90d25,SBP,"San Luis Obispo, CA",California,USA
1e0887b4-0db9-41b0-a481-b19859298877,SDF,"Louisville, KY",Kentucky,USA
0f98bad9-29e3-4327-a12b-347266542b1e,BJI,"Bemidji, MN",Minnesota,USA
16630d67-70aa-4128-8a16-534f6388395f,ATL,"Atlanta, GA",Georgia,USA
b8faa24e-5a75-4019-b487-f25c173e60aa,ABQ,"Albuquerque, NM",New Mexico,USA
f7795780-17c3-4243-b0e2-dbdb37b359ce,JAC,"Jackson, WY",Wyoming,USA
9c3e072d-61e7-42ea-9373-47149df79091,BGR,"Bangor, ME",Maine,USA
0bd815bc-b268-41bf-9c7b-d933f7dc54ef,FSD,"Sioux Falls, SD",South Dakota,USA
1529eab4-1771-4231-9fd1-6ca5aec13d90,RIW,"Riverton/Lander, WY",Wyoming,USA
4b9f723c-25dc-4454-b755-ab255e8e3c75,BQN,"Aguadilla, PR",Puerto Rico,USA
c2a99f26-5919-4ad0-bf53-a1ab2420bddc,PUW,"Pullman, WA",Washington,USA
8ca15a88-04c6-4321-be3c-863698c29386,ACK,"Nantucket, MA",Massachusetts,USA
ca248946-0bc5-442b-bb11-312d427b5495,SHR,"Sheridan, WY",Wyoming,USA
0ccc993d-9a78-4f8c-8343-7a8770b347a9,EGE,"Eagle, CO",Colorado,USA
850374d1-219f-49d6-a6e6-4190c2f6562d,XNA,"Fayetteville, AR",Arkansas,USA
8a7c69fe-0a47-41f6-9b61-e4ec85d4138e,IND,"Indianapolis, IN",Indiana,USA
6a908bce-cb2d-4f97-8831-4e8092d20ecf,ABR,"Aberdeen, SD",South Dakota,USA
576a401b-e358-461b-a1ac-34d4c1759acb,DEC,"Decatur, IL",Illinois,USA
0e23dbec-ba19-4f8b-a548-ed919eece925,INL,"International Falls, MN",Minnesota,USA
2a8d5383-6992-4442-b18d-5098ec04cf23,TYR,"Tyler, TX",Texas,USA
2591a8a7-7ce2-4913-9035-9d03db86c852,EVV,"Evansville, IN",Indiana,USA
11284de4-0a5c-4a89-85bb-e7a445ecf648,PSE,"Ponce, PR",Puerto Rico,USA
6153a15d-7df9-4610-88c9-89ae4d099e2e,RDD,"Redding, CA",California,USA
4e3ac147-109a-4f14-a2f9-6fe89730f0e1,ESC,"Escanaba, MI",Michigan,USA
cadfef5e-504d-47df-a973-f788aef2e429,RIC,"Richmond, VA",Virginia,USA
72d803b4-635b-4f44-a84b-74f3fc03978e,LBE,"Latrobe, PA",Pennsylvania,USA
17e90a32-75d4-4317-b090-1615e5d978fa,ELM,"Elmira/Corning, NY",New York,USA
7523321d-dcc7-4083-bbaa-f262e02f44a0,STT,"Charlotte Amalie, VI",U.S. Virgin Islands,USA
4082f733-a4de-452c-8b51-9460d7ef7d06,MRY,"Monterey, CA",California,USA
e3d89d4a-0492-4792-96b1-2aa2c801629c,RHI,"Rhinelander, WI",Wisconsin,USA
11c3c4ff-f993-4a8c-917b-a34abeacf87b,TBN,"Fort Leonard Wood, MO",Missouri,USA
5ece0caa-fbd0-41ae-972d-1716d3fa67a7,WYS,"West Yellowstone, MT",Montana,USA
74f462d9-2449-4782-bb6c-245a704c9f1d,CHS,"Charleston, SC",South Carolina,USA
9f368b1b-bf34-4aca-baeb-d28757aafbf9,BFL,"Bakersfield, CA",California,USA
45916546-c6ab-4cb1-809f-4ec3bf8f5ce4,CIU,"Sault Ste. Marie, MI",Michigan,USA
ddc88c5f-25e9-4f0b-b729-4883c59d0da9,EKO,"Elko, NV",Nevada,USA
2021e725-6788-4b28-8d40-37285b10a1e6,PIH,"Pocatello, ID",Idaho,USA
f3ad55c5-f029-41f2-976d-43c80ac9341b,BUF,"Buffalo, NY",New York,USA
aaad8f5d-8bfe-4287-a6cc-16fedb308d4c,ATY,"Watertown, SD",South Dakota,USA
bf28b206-1589-42ce-8a4d-aa1482f4f563,ORH,"Worcester, MA",Massachusetts,USA
4d92ac42-9436-448e-9db9-f543bfc8f84d,RST,"Rochester, MN",Minnesota,USA
80e41ab9-a08e-447c-86ba-51dcd0917476,PIE,"St. Petersburg, FL",Florida,USA
57076b5e-e0bb-4816-9826-2616c2d87b29,CDV,"Cordova, AK",Alaska,USA
c3360988-7ab3-47e2-ad81-3aa91f85e0ba,EAT,"Wenatchee, WA",Washington,USA
431d6bc4-ffa7-410e-855c-2e9fddbde731,XWA,"Williston, ND",North Dakota,USA
e073ae5b-6347-41a1-9f7c-6f7e27548812,FOD,"Fort Dodge, IA",Iowa,USA
ec6e1c56-429b-43a4-8c93-eac9b285a2a9,PHL,"Philadelphia, PA",Pennsylvania,USA
094fec45-2dee-4018-8ade-44c5df5a8833,MBS,"Saginaw/Bay City/Midland, MI",Michigan,USA
9945e3a9-5516-4061-b952-cfcad7cdf521,COU,"Columbia, MO",Missouri,USA
fdf7dadc-4897-424f-98ec-3479c02366eb,LWB,"Lewisburg, WV",West Virginia,USA
50095d0d-2d46-4057-92d2-74443e565aa6,FLO,"Florence, SC",South Carolina,USA
f5c0502e-d383-48e7-8a49-81fe97d6ef1e,BTR,"Baton Rouge, LA",Louisiana,USA
f23dc265-a4b1-4fc1-85dc-a31ed1e741be,MCO,"Orlando, FL",Florida,USA
7191f6cf-1baa-4670-b65f-9f2757308cbe,FAI,"Fairbanks, AK",Alaska,USA
12148252-2298-46d5-8450-dba72713cdff,MYR,"Myrtle Beach, SC",South Carolina,USA
a241279b-97e1-4a03-a67b-4709b4b00378,SAT,"San Antonio, TX",Texas,USA
49184fc2-4c51-44a4-bf55-19baacb9e8ed,RKS,"Rock Springs, WY",Wyoming,USA
8f6debae-3a8c-43f9-897e-0ce5e3c3cd18,PGD,"Punta Gorda, FL",Florida,USA
edb29b06-1541-4434-9800-027565dcee7e,LBF,"North Platte, NE",Nebraska,USA
0b929717-3f7b-4e0d-b949-015100c3e9fe,VLD,"Valdosta, GA",Georgia,USA
534745b0-da38-4a1c-97cc-8ef0c9d94e4b,YUM,"Yuma, AZ",Arizona,USA
ec1afd16-7cb5-456a-9c4e-b7ef2e674db0,LYH,"Lynchburg, VA",Virginia,USA
d3b90e4d-ba9e-42ac-a36d-7350b7093d0b,ACY,"Atlantic City, NJ",New Jersey,USA
2bbc6a72-7ad0-49a5-bf80-7461be30a599,DVL,"Devils Lake, ND",North Dakota,USA
dfa4ba2c-d4c7-441f-8b53-f71eced132bc,ART,"Watertown, NY",New York,USA
1540a168-3947-4bf1-b774-7882ff61ffec,CLE,"Cleveland, OH",Ohio,USA
3ddf2849-1ea5-4c6f-8f5b-6b51b43f10f0,MDT,"Harrisburg, PA",Pennsylvania,USA
ba7e5859-6b08-4c63-9a12-88bf57ac7f34,MHT,"Manchester, NH",New Hampshire,USA
1969897e-ec05-46c8-ab48-b8d67a98908f,HPN,"White Plains, NY",New York,USA
3e8ae3ee-d061-4ed3-99ba-14e50d4c3720,PIB,"Hattiesburg/Laurel, MS",Mississippi,USA
0661a3bf-fca1-490f-9226-b7463edb10e5,LAN,"Lansing, MI",Michigan,USA
aacc1b49-e554-4f5c-85a1-4a31dd1401de,LAS,"Las Vegas, NV",Nevada,USA
796a50ad-ac7a-4a05-96a7-de17b4b88433,MLI,"Moline, IL",Illinois,USA
